{
  "greeting": "Howdyy",
  "name": "Shifa",
  "greetingText": "Gimana sehatt?",
  "wishText": "May Allah always be with you! ;)",
  "imagePath": "lydia2.png",
  "text1": "Selamat ulang tahunn!!.. walaupun telat sih",
  "textInChatBox": "Happy birthday to you!! Yeee! Many many happy blah...",
  "sendButtonLabel": "Send",
  "text2": "Tadinya pengen ngasih ucapan",
  "text3": "Tapi gatau ngasih ucapan apa",
  "text4": "Terus pas scroll tiktok nemu sesuatu yang",
  "text4Adjective": "Kemvreen",
  "text5Entry": "Ya semoga suka sih",
  "text5Content": "Enjoyy",
  "smiley": ":)",
  "bigTextPart1": "S",
  "bigTextPart2": "O",
  "wishHeading": "Happy Birthday!",
  "outroText": "Hehe",
  "replayText": "Klik kalo mau liat lagi",
  "outroSmiley": ":)"
}
